,Products_name,Describtion,Sizes,Rating,Popularity,Price,DeliveryTime,Location,Add,BuyingChoices
0,,,,,Check each product page for other buying options.,,,,,
1,Poly,"Sync 20 USB-C Personal Portable Smart Speakerphone (Plantronics) – Long Battery Life – Noise/Echo Reduction -Works w/Teams (Certified), Zoom, PC, Mac, Mobile – Amazon Exclusive",,4.4 out of 5 stars 703,50+ bought in past month,"Price, product page$156.99$156.99","Delivery Thu, Apr 3",Ships to Nigeria,Add to cart,Only 2 left in stock - order soon.
2,Jabra,"Speak 510 MS Wireless Bluetooth Speakerphone – Outstanding Sound Quality, Portable Conference Speaker for Holding Meetings Anywhere - Certified for Microsoft Teams",Options:3 sizes3 sizes,"4.6 out of 5 stars 7,974",500+ bought in past month,"Price, product page$88.99$88.99 List: $119.00$119.00","Delivery Tue, Apr 1",Ships to Nigeria,Add to cart,More Buying Choices$58.04(22 used & new offers)
3,JTEMAN,"Birthday Gifts for Men Women,Bluetooth Speaker Phone Stand with Power Bank,Portable Foldable Charging Speaker Stand,Unique Gifts for Women Dad,Men Gifts Tech Gadgets",,4.3 out of 5 stars 88,400+ bought in past month,"Price, product page$29.99$29.99","Delivery Mon, Mar 31",Ships to Nigeria,Add to cart,More Buying Choices$28.79(2 used & new offers)
4,TechGlow,Gifts for Men Women Foldable Cellphone Stand with Bluetooth Speaker and Power Bank Birthday Gift Idea for Mom Dad Cool Gadget Tech Gifts,,4.6 out of 5 stars 480,1K+ bought in past month,"Price, product page$24.99$24.99 Typical price: $28.99$28.99","Delivery Mon, Mar 31",Ships to Nigeria,,
5,Sonos,One (Gen 2) - Voice Controlled Smart Speaker With Amazon Alexa Built-In - Black,,"4.6 out of 5 stars 7,680",,,,,,No featured offers available$200.00(6 used & new offers)
6,Marshall,"Uxbridge Home Voice Speaker with Amazon Alexa Built-In, Black",,4.3 out of 5 stars 570,,,,,,No featured offers available$135.98(2 used & new offers)
7,Poly,Sync 40 Smart Speakerphone (Plantronics) - Flexible Workspaces - Connect to PC/Mac via USB and Smartphones via Bluetooth - Certified for Microsoft Teams – Amazon Exclusive,,4.3 out of 5 stars 250,50+ bought in past month,"Price, product page$199.99$199.99","Delivery Tue, Apr 1",Ships to Nigeria,Add to cart,
8,,"Echo Dot Bundle: Includes Echo Dot (5th Gen, 2022 release) | Deep Sea Blue & the Made for Amazon Mandalorian Baby Grogu Stand",,"4.6 out of 5 stars 149,321",,,,,,No featured offers available$77.98(1 new offer)
9,Pyle,"Wireless Portable Bluetooth Boombox Speaker - 100 Watt Rechargeable Boom Box Speaker Portable Music Barrel Loud Stereo System with AUX Input, MP3/USB/SD Port, Fm Radio, 2.5"" Tweeter PBMSPG3BK",,"3.8 out of 5 stars 3,197",400+ bought in past month,"Price, product page$39.99$39.99","Delivery Tue, Apr 1",Ships to Nigeria,Add to cart,More Buying Choices$24.45(3+ used & new offers)
10,,Sonos One (Gen 2) Two Room Set Voice Controlled Smart Speaker with Amazon Alexa Built in (2-Pack Black) (Renewed),,3.2 out of 5 stars 6,,,,,,
11,,"Gifts for Men Cell Phone Stand with Wireless Bluetooth Speaker and Wireless Charger, Phone Charger Stand with Digital Alarm Clock for iPhone, Birthday Gifts for Men,Boyfriend,Dad,Women,Christmas",,4.5 out of 5 stars 228,400+ bought in past month,"Price, product page$32.99$32.99 List: $34.99$34.99","Delivery Tue, Apr 1",Ships to Nigeria,Add to cart,More Buying Choices$32.66(2 used & new offers)
12,,"The #1 Rolling Cooler with Speakers on Amazon. 20-Watt Bluetooth Speakers for Parties/Festivals/Boat/Beach/Camping. Rechargeable, Works with iPhone & Android (Black, Latest Premium Edition)",,4.4 out of 5 stars 40,,"Price, product page$129.00$129.00","Delivery Wed, Apr 2",Ships to Nigeria,Add to cart,
13,,"OontZ Solo Bluetooth Speaker - 2 Pack, Surprisingly Loud Volume & Bass, 100 Foot Wireless Range, IPX7, Compact Size Portable Travel Speaker by Cambridge Sound Works (Black)",,4.4 out of 5 stars 164,,"Price, product page$39.99$39.99",$24.05 delivery,Ships to Nigeria,Add to cart,
14,Cleer,"Stage Amazon Alexa Enabled, Portable Bluetooth Wireless Speaker - Gray",,3.8 out of 5 stars 245,,,,,,No featured offers available$82.69(6 used & new offers)
15,Poly,"Sync 20+ Personal Portable Bluetooth Smart Speakerphone (Plantronics) - USB-A UC Bluetooth Adapter - Connect Wirelessly to PC/Mac/Cell Phone - Works w/Teams, Zoom, & More - Amazon Exclusive",,4.5 out of 5 stars 356,,"Price, product page$125.81$125.81","Delivery Tue, Apr 1",Ships to Nigeria,Add to cart,More Buying Choices$34.26(2 used & new offers)
16,Jabra,"Speak 510 UC Wireless Bluetooth Speakerphone – Outstanding Sound Quality, Portable Conference Speaker for Holding Meetings Anywhere - Certified for Zoom & Google Meet",,"4.7 out of 5 stars 5,896",500+ bought in past month,"Price, product page$98.95$98.95","Delivery Mon, Mar 31",Ships to Nigeria,Add to cart,More Buying Choices$55.76(10+ used & new offers)
17,Jabra,"Speak2 55 Wireless Bluetooth Speakerphone - Compact and Portable Speaker with 4 Noise-Cancelling Mics, Full-Range 50mm Speaker & Wideband Audio - Certified for Zoom and Google Meet - Dark Grey",,4.2 out of 5 stars 55,200+ bought in past month,"Price, product page$139.00$139.00","Delivery Tue, Apr 1",Ships to Nigeria,Add to cart,More Buying Choices$106.51(3+ used & new offers)
18,Pyle,"Portable Wireless Bluetooth Speaker, IPX7 Waterproof, TF Card Support, FM Radio, 3.5mm Audio Input, Built-in Mic, Vigorous Bass, Ideal for Office, Home, Outdoor Use",,4.8 out of 5 stars 18,,"Price, product page$9.99$9.99",$35.07 delivery,Ships to Nigeria,Add to cart,Only 6 left in stock (more on the way).
19,Marshall,"Middleton Portable Bluetooth Speaker, Black and Brass",,4.4 out of 5 stars 997,500+ bought in past month,"Price, product page$198.99$198.99 List: $299.99$299.99","Delivery Mon, Mar 31",Ships to Nigeria,Add to cart,More Buying Choices$184.63(5+ used & new offers)
20,Sony,"BRAVIA Theater U Wireless Wearable TV Speaker with Bluetooth, Personalized Home Theater Audio, Gaming Compatibility, Built-in mic, 12 Hour Battery Life, IPX4 Splash-Resistant (HT-AN7)",,4.5 out of 5 stars 181,200+ bought in past month,"Price, product page$198.00$198.00 List: $299.99$299.99","Delivery Mon, Mar 31",Ships to Nigeria,Add to cart,Only 16 left in stock - order soon.
21,Jabra,"Speak2 40 Portable Speakerphone - 4 Noise-Cancelling Mics, 50mm Full Range Speakers with Wideband Audio for Clear Sound, USB-A/USB-C Connections - Certified Microsoft Teams Speaker - Dark Grey",,4.4 out of 5 stars 26,100+ bought in past month,"Price, product page$98.00$98.00 List: $129.00$129.00",$20.83 delivery,Ships to Nigeria,Add to cart,More Buying Choices$87.98(18 used & new offers)
22,Sony,"SA-RS5 Wireless Rear Speakers with Built-in Battery for BRAVIA Theater (BAR 8, BAR 9), HT-A7000/A5000/A3000 and STR-AN1000",,4.6 out of 5 stars 294,100+ bought in past month,"Price, product page$548.00$548.00 List: $599.99$599.99","Delivery Mon, Mar 24",Ships to Nigeria,Add to cart,Only 9 left in stock - order soon.
23,MEGATEK,"Portable Bluetooth Speakers (2-Pack) – True Wireless Stereo (TWS) Pair, Vibrant LED Lights, 360° HD Sound, 12-Hour Playtime, IPX5 Waterproof – Perfect for Home, Parties, Outdoors, and Travel",,"4.4 out of 5 stars 1,825",200+ bought in past month,,,,,No featured offers available$27.64(2 used & new offers)
24,LG,StanbyME XT7S Bluetooth Speaker,,4.6 out of 5 stars 63,200+ bought in past month,"Price, product page$196.99$196.99 ($12.31$12.31/Ounce)","Delivery Tue, Apr 1",Ships to Nigeria,Add to cart,More Buying Choices$151.04(3+ used & new offers)
25,,,,,,,,,,
26,,,,,,,,,,
