,Products name,Products Price,Rating
0,,,
1,4x 12led Strobe Lights Bar Emergency Flashing Warning Hazard Beacon Amber/white,$9.99 New,(12)
2,,,
3,Passenger Side Mirror Ram Promaster Van 2014-2022 TYC 4450141,$139.99$169.99was - US $169.99|18% off,
4,42PCS Car Interior Combo LED Map Dome Door Trunk License Plate Light Bulbs White,$10.98Was: $15.98was - US $15.98,
5,,,
6,Bobcat 6650239 Fuel Tank Pickup Screen 853 863 864 873 T200 943 953 963,98% agree - Would recommend$9.99 New,(53)
7,,,
8,,,
9,,,
10,,,
11,,,
12,,,
13,,,
14,,,
15,,,
