,Products name,Car Price,Describtion,Location,Quality
0,Lexus ES 330 2005 White,"₦ 7,000,000","Key Features:
 Model Year: 2005
 Condition: Registered, well-maintained, and in top shape
...","Abuja, Gudu",Foreign Used Automatic
1,Lexus RX 350 AWD 2014 Gray,"₦ 23,500,000","Super clean and sharp foreign used Lexus Rx 350 2014 model available for sale, accident free, duty...","Lagos, Amuwo-Odofin",Foreign Used Automatic
2,Hyundai Sonata 2015 Silver,"₦ 15,800,000","Foreign used 2015 hyundai sonata 
super clean 
features:
 4 cylinder engine 
clean interior
 keyless...","Lagos, Ogudu",Foreign Used Automatic
3,Lexus RX 350 2013 Black,"₦ 23,000,000",This Lexus was registered for my use in January 2025 when I returned home from the UK. I used it for...,"Lagos, Ojodu",Foreign Used Automatic
4,Lexus RX 2017 Blue,"₦ 46,000,000","... Best deal in the market today
 Follow come 3 torch headlamps.
Complete accident free.
just...","Lagos, Amuwo-Odofin",Foreign Used Automatic
5,Hyundai Sonata 2013 Blue,"₦ 11,000,000","2013 hyundai Sonata Hybrid
New arrival! 
Full custom duty paid 
*Save money on fuel* ... 
Are you...","Abuja, Wuye",Foreign Used Automatic
6,Hyundai Elantra 2013 White,"₦ 13,500,000",Newly imported and Lagos cleared 2013 Elantra. With original duty and clean history080*********,"Abuja, Gwarinpa",Foreign Used Automatic
7,BMW X1 2014 Black,"₦ 10,000,000",Neatly used in Nigeria,"Lagos, Ikeja",Local Used Automatic
