,Product_Name,New_Pricing,old_Pricing
0,itel 2163 Wireless FM Torchlight Dual SIM - Black,"₦ 12,275","₦ 15,500"
1,GUIXIA  I13 In-ear Wireless Bluetooth Headsets Headphones,"₦ 4,499","₦ 7,621"
2,itel P55T 6.56″ HD +Hole 4GB RAM/128GB ROM Android 14 - Gold,"₦ 115,000","₦ 159,000"
3,itel TWS BudsAce Earbuds Earpods Buds Ace ENC Super Bass 35 Hours White,"₦ 12,800","₦ 25,000"
4,TiLECC T800 Smart Watch Ultra 8 Door Access  Smartwatch Series 8,"₦ 10,122","₦ 17,632"
5,10 Pieces - Anti-sweat Mobile Game Controller Finger Sleeve Gaming Cot Sets Hand Sweatproof Breathable PUBG/ CALL OF DUTY/ FREE FIRE,"₦ 2,841","₦ 2,990"
6,"itel A50 6.6"" 2GB RAM/64GB ROM Android 12 - Black","₦ 94,600","₦ 105,000"
7,Oraimo Type-C And Micro-USB Port Power-Bank 20000mAh Fast Charging,"₦ 28,403","₦ 41,997"
8,"itel S23+ 6.78"" FHD 8GB RAM/256GB ROM Android 12 - Cyan","₦ 198,000","₦ 280,000"
9,itel S24 6.6'' 8GB RAM/128GB ROM Android 13 - White,"₦ 168,200","₦ 250,000"
10,Oraimo FreePods Lite 40-hour Playtime ENC True Wireless Earbuds,"₦ 21,100","₦ 35,640"
11,Oraimo FreePods 3C ENC Calling Noise Cancellation True Wireless Earbuds,"₦ 37,470","₦ 77,959"
12,"Lexar LSDMI High-speed Memory Card, Capacity: 512GB","₦ 92,830","₦ 132,614"
13,XIAOMI Band 6 Fitness Tracker Bluetooth Watch,"₦ 56,391","₦ 79,990"
14,"4pcs Mobile Gaming Thumb Sleeve Sets, Wasp Feelers(2 Pair)","₦ 2,490","₦ 3,999"
15,Ace Elec 20000 MAh Utra Slim Portable Power Bank,"₦ 7,780","₦ 12,000"
16,Ace Elec 50000 MAh Power Banks With LED Light Portable Super Fast Charger,"₦ 25,850","₦ 80,000"
17,Oraimo Traveler 4 20000mAh 10.5W Power Banks,"₦ 15,000","₦ 28,800"
18,Ace Elec 20000 MAh Ultra Slim Portable Power Bank,"₦ 7,780","₦ 15,000"
19,Ace Elec Power Banks 30000 MAh  Portable Super Fast Charger,"₦ 15,000","₦ 29,000"
20,itel 20000mAh Dual Output Fast Charging Power Bank,"₦ 15,950","₦ 20,000"
21,itel PowerLite 20000mAh 15W Fast Charger Type C Mobile Power,"₦ 14,325","₦ 28,000"
22,Oraimo Traveler 12 Byte 20000mAh Large Power Display 12W Charging,"₦ 13,500","₦ 21,500"
23,Philly 20000 Mah  Power Charging Bank Fast Charging,"₦ 7,639","₦ 14,510"
24,Oraimo FreePods Lite ENC True Wireless Earbuds,"₦ 16,500","₦ 36,500"
25,itel 1.83'' Sones Smart Watch Native Storm Water Proof (ISW-O11)-Black,"₦ 17,800","₦ 50,000"
26,itel PowerPulse A1160 Power-Bank 20000mAh 12W Fast Charging TypeC,"₦ 16,713","₦ 48,000"
27,Philly 20000mah  New Power Banks Type-C  Input,"₦ 8,500","₦ 21,510"
28,Oraimo Traveler 3 Lit 27000mAh 15W Portable Charger,"₦ 22,000","₦ 29,600"
29,Ace Elec 66W Power Banks 20000 MAh  Portable Super Fast Charger,"₦ 11,500","₦ 25,000"
30,"Nokia 105_African Edition,1.77"",4MB/4MB,800MAh, Dual Sim- Charcoal","₦ 13,800","₦ 15,000"
31,Phone Tripod Moblie Phone Clip Bracket Monopod Stand,"₦ 2,960","₦ 3,900"
32,itel TWS BudsAce Earbuds Earpods Buds Ace ENC Super Bass 35 Hours,"₦ 12,224","₦ 25,000"
33,itel Water Proof Native Storm Smart Watch - Black,"₦ 15,750","₦ 40,000"
34,"Samsung Galaxy A05 6.7"" 4GB RAM/64GB ROM Android 13 - Black","₦ 123,960","₦ 150,000"
35,XIAOMI Redmi 14C 6.88'' 4GB RAM/128GB ROM Android 14 -Sage Green,"₦ 139,000","₦ 300,000"
36,GUIXIA  F9 Wireless Headset Bluetooth Earphone True Bass With Power Banc,"₦ 4,900","₦ 6,360"
37,Philly 10000mAh  Portable Power Banks Fast Power Banks,"₦ 5,029","₦ 9,078"
38,Ace Elec M10 Wireless  Bluetooth 5.1 Earphones Dual LED Display,"₦ 4,136","₦ 9,000"
39,Ace Elec F9 Wireless Fingerprint Touch Bluetooth Headset,"₦ 4,400","₦ 8,386"
